<?xml version="1.0" encoding="UTF-8" ?>
<!DOCTYPE mapper PUBLIC "-//mybatis.org//DTD Mapper 3.0//EN" "http://mybatis.org/dtd/mybatis-3-mapper.dtd" >
<mapper namespace="com.iflytek.dao.LeaveMapper" >
  <resultMap id="BaseResultMap" type="com.iflytek.bean.Leave" >
    <id column="id" property="id" jdbcType="INTEGER" />
    <result column="type" property="type" jdbcType="VARCHAR" />
    <result column="starttime" property="starttime" jdbcType="TIMESTAMP" />
    <result column="endtime" property="endtime" jdbcType="TIMESTAMP" />
    <result column="reason" property="reason" jdbcType="VARCHAR" />
    <result column="userid" property="userid" jdbcType="INTEGER" />
    <result column="username" property="username" jdbcType="VARCHAR" />
    <result column="isfinish" property="isfinish" jdbcType="INTEGER" />
    <result column="createtime" property="createtime" jdbcType="TIMESTAMP" />
  </resultMap>
  <sql id="Base_Column_List" >
    id, type, starttime, endtime, reason, userid, username, isfinish, createtime
  </sql>
  <select id="selectByPrimaryKey" resultMap="BaseResultMap" parameterType="java.lang.Integer" >
    select 
    <include refid="Base_Column_List" />
    from leaves
    where id = #{id,jdbcType=INTEGER}
  </select>
  <select id="getAll" resultMap="BaseResultMap"  >
    select 
    *
    from leaves order by createtime desc
  </select>
  <select id="getListByUserid" resultMap="BaseResultMap" parameterType="java.lang.Integer" >
    select 
    <include refid="Base_Column_List" />
    from leaves
    where userid = #{userid,jdbcType=INTEGER}
    order by createtime desc
  </select>
  <delete id="deleteByPrimaryKey" parameterType="java.lang.Integer" >
    delete from leaves
    where id = #{id,jdbcType=INTEGER}
  </delete>
  <insert id="insert" parameterType="com.iflytek.bean.Leave" >
    insert into leaves (id, type, starttime, 
      endtime, reason, userid, 
      username, isfinish, createtime
      )
    values (#{id,jdbcType=INTEGER}, #{type,jdbcType=VARCHAR}, #{starttime,jdbcType=TIMESTAMP}, 
      #{endtime,jdbcType=TIMESTAMP}, #{reason,jdbcType=VARCHAR}, #{userid,jdbcType=INTEGER}, 
      #{username,jdbcType=VARCHAR}, #{isfinish,jdbcType=INTEGER}, #{createtime,jdbcType=TIMESTAMP}
      )
  </insert>
  <insert id="insertSelective" parameterType="com.iflytek.bean.Leave" >
    insert into leaves
    <trim prefix="(" suffix=")" suffixOverrides="," >
      <if test="id != null" >
        id,
      </if>
      <if test="type != null" >
        type,
      </if>
      <if test="starttime != null" >
        starttime,
      </if>
      <if test="endtime != null" >
        endtime,
      </if>
      <if test="reason != null" >
        reason,
      </if>
      <if test="userid != null" >
        userid,
      </if>
      <if test="username != null" >
        username,
      </if>
      <if test="isfinish != null" >
        isfinish,
      </if>
      <if test="createtime != null" >
        createtime,
      </if>
    </trim>
    <trim prefix="values (" suffix=")" suffixOverrides="," >
      <if test="id != null" >
        #{id,jdbcType=INTEGER},
      </if>
      <if test="type != null" >
        #{type,jdbcType=VARCHAR},
      </if>
      <if test="starttime != null" >
        #{starttime,jdbcType=TIMESTAMP},
      </if>
      <if test="endtime != null" >
        #{endtime,jdbcType=TIMESTAMP},
      </if>
      <if test="reason != null" >
        #{reason,jdbcType=VARCHAR},
      </if>
      <if test="userid != null" >
        #{userid,jdbcType=INTEGER},
      </if>
      <if test="username != null" >
        #{username,jdbcType=VARCHAR},
      </if>
      <if test="isfinish != null" >
        #{isfinish,jdbcType=INTEGER},
      </if>
      <if test="createtime != null" >
        #{createtime,jdbcType=TIMESTAMP},
      </if>
    </trim>
  </insert>
  <update id="updateByPrimaryKeySelective" parameterType="com.iflytek.bean.Leave" >
    update leaves
    <set >
      <if test="type != null" >
        type = #{type,jdbcType=VARCHAR},
      </if>
      <if test="starttime != null" >
        starttime = #{starttime,jdbcType=TIMESTAMP},
      </if>
      <if test="endtime != null" >
        endtime = #{endtime,jdbcType=TIMESTAMP},
      </if>
      <if test="reason != null" >
        reason = #{reason,jdbcType=VARCHAR},
      </if>
      <if test="userid != null" >
        userid = #{userid,jdbcType=INTEGER},
      </if>
      <if test="username != null" >
        username = #{username,jdbcType=VARCHAR},
      </if>
      <if test="isfinish != null" >
        isfinish = #{isfinish,jdbcType=INTEGER},
      </if>
      <if test="createtime != null" >
        createtime = #{createtime,jdbcType=TIMESTAMP},
      </if>
    </set>
    where id = #{id,jdbcType=INTEGER}
  </update>
  <update id="updateByPrimaryKey" parameterType="com.iflytek.bean.Leave" >
    update leaves
    set type = #{type,jdbcType=VARCHAR},
      starttime = #{starttime,jdbcType=TIMESTAMP},
      endtime = #{endtime,jdbcType=TIMESTAMP},
      reason = #{reason,jdbcType=VARCHAR},
      userid = #{userid,jdbcType=INTEGER},
      username = #{username,jdbcType=VARCHAR},
      isfinish = #{isfinish,jdbcType=INTEGER},
      createtime = #{createtime,jdbcType=TIMESTAMP}
    where id = #{id,jdbcType=INTEGER}
  </update>
</mapper>