<?xml version="1.0" encoding="UTF-8" ?>
<!DOCTYPE mapper PUBLIC "-//mybatis.org//DTD Mapper 3.0//EN" "http://mybatis.org/dtd/mybatis-3-mapper.dtd" >
<mapper namespace="com.iflytek.dao.MemoMapper" >
  <resultMap id="BaseResultMap" type="com.iflytek.bean.Memo" >
    <id column="id" property="id" jdbcType="INTEGER" />
    <result column="title" property="title" jdbcType="VARCHAR" />
    <result column="text" property="text" jdbcType="VARCHAR" />
    <result column="time" property="time" jdbcType="VARCHAR" />
    <result column="userid" property="userid" jdbcType="INTEGER" />
  </resultMap>
  <sql id="Base_Column_List" >
    id, title, text, time, userid
  </sql>
  <select id="selectByPrimaryKey" resultMap="BaseResultMap" parameterType="java.lang.Integer" >
    select 
    <include refid="Base_Column_List" />
    from memo
    where id = #{id,jdbcType=INTEGER}
  </select>
  <select id="getAllByUserId" resultMap="BaseResultMap" parameterType="java.lang.Integer" >
    select 
    <include refid="Base_Column_List" />
    from memo
    where userid = #{userid}
  </select>
  <delete id="deleteByPrimaryKey" parameterType="java.lang.Integer" >
    delete from memo
    where id = #{id,jdbcType=INTEGER}
  </delete>
  <insert id="insert" parameterType="com.iflytek.bean.Memo" >
    insert into memo (id, title, text, 
      time, userid)
    values (#{id,jdbcType=INTEGER}, #{title,jdbcType=VARCHAR}, #{text,jdbcType=VARCHAR}, 
      #{time,jdbcType=VARCHAR}, #{userid,jdbcType=INTEGER})
  </insert>
  <insert id="insertSelective" parameterType="com.iflytek.bean.Memo" >
    insert into memo
    <trim prefix="(" suffix=")" suffixOverrides="," >
      <if test="id != null" >
        id,
      </if>
      <if test="title != null" >
        title,
      </if>
      <if test="text != null" >
        text,
      </if>
      <if test="time != null" >
        time,
      </if>
      <if test="userid != null" >
        userid,
      </if>
    </trim>
    <trim prefix="values (" suffix=")" suffixOverrides="," >
      <if test="id != null" >
        #{id,jdbcType=INTEGER},
      </if>
      <if test="title != null" >
        #{title,jdbcType=VARCHAR},
      </if>
      <if test="text != null" >
        #{text,jdbcType=VARCHAR},
      </if>
      <if test="time != null" >
        #{time,jdbcType=VARCHAR},
      </if>
      <if test="userid != null" >
        #{userid,jdbcType=INTEGER},
      </if>
    </trim>
  </insert>
  <update id="updateByPrimaryKeySelective" parameterType="com.iflytek.bean.Memo" >
    update memo
    <set >
      <if test="title != null" >
        title = #{title,jdbcType=VARCHAR},
      </if>
      <if test="text != null" >
        text = #{text,jdbcType=VARCHAR},
      </if>
      <if test="time != null" >
        time = #{time,jdbcType=VARCHAR},
      </if>
      <if test="userid != null" >
        userid = #{userid,jdbcType=INTEGER},
      </if>
    </set>
    where id = #{id,jdbcType=INTEGER}
  </update>
  <update id="updateByPrimaryKey" parameterType="com.iflytek.bean.Memo" >
    update memo
    set title = #{title,jdbcType=VARCHAR},
      text = #{text,jdbcType=VARCHAR},
      time = #{time,jdbcType=VARCHAR},
      userid = #{userid,jdbcType=INTEGER}
    where id = #{id,jdbcType=INTEGER}
  </update>
</mapper>