<?xml version="1.0" encoding="UTF-8" ?>
<!DOCTYPE mapper PUBLIC "-//mybatis.org//DTD Mapper 3.0//EN" "http://mybatis.org/dtd/mybatis-3-mapper.dtd" >
<mapper namespace="com.iflytek.dao.UserMapper" >
  <resultMap id="BaseResultMap" type="com.iflytek.bean.ShiroUser" >
    <id column="id" property="id" jdbcType="INTEGER" />
    <result column="username" property="username" jdbcType="VARCHAR" />
    <result column="password" property="password" jdbcType="VARCHAR" />
    <result column="salt" property="salt" jdbcType="VARCHAR" />
    <result column="avator" property="avator" jdbcType="VARCHAR" />
    <result column="deptid" property="deptid" jdbcType="INTEGER" />
    <result column="roleid" property="roleid" jdbcType="INTEGER" />
  </resultMap>
  <sql id="Base_Column_List" >
    id, username, password, salt, avator, deptid, roleid
  </sql>
  <select id="selectByPrimaryKey" resultMap="BaseResultMap" parameterType="java.lang.Integer" >
    select 
    <include refid="Base_Column_List" />
    from user
    where id = #{id,jdbcType=INTEGER}
  </select>
  <select id="selectByUsername" resultMap="BaseResultMap" parameterType="java.lang.String" >
    select
    <include refid="Base_Column_List" />
    from user
    where username = #{username}
  </select>
  <select id="selectByDeptid" resultMap="BaseResultMap" parameterType="java.lang.Integer" >
    select
    <include refid="Base_Column_List" />
    from user
    where deptid = #{deptid}
  </select>

  <delete id="deleteByPrimaryKey" parameterType="java.lang.Integer" >
    delete from user
    where id = #{id,jdbcType=INTEGER}
  </delete>
  <insert id="insert" useGeneratedKeys="true" keyProperty="id" parameterType="com.iflytek.bean.ShiroUser" >
    insert into user (id, username, password, 
      salt, avator, deptid, 
      roleid)
    values (#{id,jdbcType=INTEGER}, #{username,jdbcType=VARCHAR}, #{password,jdbcType=VARCHAR}, 
      #{salt,jdbcType=VARCHAR}, #{avator,jdbcType=VARCHAR}, #{deptid,jdbcType=INTEGER}, 
      #{roleid,jdbcType=INTEGER})
  </insert>
  <insert id="insertSelective" parameterType="com.iflytek.bean.ShiroUser" >
    insert into user
    <trim prefix="(" suffix=")" suffixOverrides="," >
      <if test="id != null" >
        id,
      </if>
      <if test="username != null" >
        username,
      </if>
      <if test="password != null" >
        password,
      </if>
      <if test="salt != null" >
        salt,
      </if>
      <if test="avator != null" >
        avator,
      </if>
      <if test="deptid != null" >
        deptid,
      </if>
      <if test="roleid != null" >
        roleid,
      </if>
    </trim>
    <trim prefix="values (" suffix=")" suffixOverrides="," >
      <if test="id != null" >
        #{id,jdbcType=INTEGER},
      </if>
      <if test="username != null" >
        #{username,jdbcType=VARCHAR},
      </if>
      <if test="password != null" >
        #{password,jdbcType=VARCHAR},
      </if>
      <if test="salt != null" >
        #{salt,jdbcType=VARCHAR},
      </if>
      <if test="avator != null" >
        #{avator,jdbcType=VARCHAR},
      </if>
      <if test="deptid != null" >
        #{deptid,jdbcType=INTEGER},
      </if>
      <if test="roleid != null" >
        #{roleid,jdbcType=INTEGER},
      </if>
    </trim>
  </insert>
  <update id="updateByPrimaryKeySelective" parameterType="com.iflytek.bean.ShiroUser" >
    update user
    <set >
      <if test="username != null" >
        username = #{username,jdbcType=VARCHAR},
      </if>
      <if test="password != null" >
        password = #{password,jdbcType=VARCHAR},
      </if>
      <if test="salt != null" >
        salt = #{salt,jdbcType=VARCHAR},
      </if>
      <if test="avator != null" >
        avator = #{avator,jdbcType=VARCHAR},
      </if>
      <if test="deptid != null" >
        deptid = #{deptid,jdbcType=INTEGER},
      </if>
      <if test="roleid != null" >
        roleid = #{roleid,jdbcType=INTEGER},
      </if>
    </set>
    where id = #{id,jdbcType=INTEGER}
  </update>
  <update id="updateByDeptidSelective" parameterType="java.lang.Integer" >
    update user set deptid = 1
   	where deptid = #{deptid,jdbcType=INTEGER}
  </update>
  <update id="updateByRoleidSelective" parameterType="java.lang.Integer" >
    update user set roleid = 2
   	where roleid = #{roleid,jdbcType=INTEGER}
  </update>
  <update id="updateByPrimaryKey" parameterType="com.iflytek.bean.ShiroUser" >
    update user
    set username = #{username,jdbcType=VARCHAR},
      password = #{password,jdbcType=VARCHAR},
      salt = #{salt,jdbcType=VARCHAR},
      avator = #{avator,jdbcType=VARCHAR},
      deptid = #{deptid,jdbcType=INTEGER},
      roleid = #{roleid,jdbcType=INTEGER}
    where id = #{id,jdbcType=INTEGER}
  </update>
  
  <select id="getUserList" resultMap="BaseResultMap"  >
    select * from user
  </select>
  
</mapper>